Invoice No,Invoice Date,Company Name,Account Number,Line Number,Item ID,DHL Product Description,PAL/COL,Amount,Weight Charge,Discount Amount,Discount Code,Tax Amount,Tax Code,AWB Number,Weight,Shipper Reference,Shipment Date,Origin Code,Destination Code,Shipper Details,Receiver Details
MELIR00804347,6/05/2025,OUTDOOR NETWORKS AUSTRALIA PTY LTD,518344261,1,,EXPRESS WORLDWIDE nondoc,1,86.35,,,,0,B,6159793625,4.5,22012973,1/04/2025,NUERNBERG,SYD. SYDNEY,ANDREW WIRELESS SYSTEMS GMBH;INDUSTRIERING 10;BAVARIA BY BY BAVARIA;BUCHDORF;BUCHDORF;Bavaria;86675;DE;Thomas Totzauer;de05-admin@andrew.com;,OUTDOOR WIRELESS NETWORKS AUSTRALIA PTY;LTD CEVA LOGISTICS DOOR 9;BUILDING 1 60 WALLGROVE ROAD;MINCHINBURY;MINCHINBURY;N S W;2770;AU;Neil Newton;
MELIR00804347,6/05/2025,OUTDOOR NETWORKS AUSTRALIA PTY LTD,518344261,2,,CHANGE OF BILLING,1,20,,,,0,B,6159793625,0,22012973,1/04/2025,NUERNBERG,SYD. SYDNEY,ANDREW WIRELESS SYSTEMS GMBH;INDUSTRIERING 10;BAVARIA BY BY BAVARIA;BUCHDORF;BUCHDORF;Bavaria;86675;DE;Thomas Totzauer;de05-admin@andrew.com;,OUTDOOR WIRELESS NETWORKS AUSTRALIA PTY;LTD CEVA LOGISTICS DOOR 9;BUILDING 1 60 WALLGROVE ROAD;MINCHINBURY;MINCHINBURY;N S W;2770;AU;Neil Newton;
MELIR00804347,6/05/2025,OUTDOOR NETWORKS AUSTRALIA PTY LTD,518344261,3,,FUEL SURCHARGE,1,34.28,,,,0,B,6159793625,0,22012973,1/04/2025,NUERNBERG,SYD. SYDNEY,ANDREW WIRELESS SYSTEMS GMBH;INDUSTRIERING 10;BAVARIA BY BY BAVARIA;BUCHDORF;BUCHDORF;Bavaria;86675;DE;Thomas Totzauer;de05-admin@andrew.com;,OUTDOOR WIRELESS NETWORKS AUSTRALIA PTY;LTD CEVA LOGISTICS DOOR 9;BUILDING 1 60 WALLGROVE ROAD;MINCHINBURY;MINCHINBURY;N S W;2770;AU;Neil Newton;
MELIR00804347,6/05/2025,OUTDOOR NETWORKS AUSTRALIA PTY LTD,518344261,4,,REMOTE AREA PICKUP,1,35,,,,0,B,6159793625,0,22012973,1/04/2025,NUERNBERG,SYD. SYDNEY,ANDREW WIRELESS SYSTEMS GMBH;INDUSTRIERING 10;BAVARIA BY BY BAVARIA;BUCHDORF;BUCHDORF;Bavaria;86675;DE;Thomas Totzauer;de05-admin@andrew.com;,OUTDOOR WIRELESS NETWORKS AUSTRALIA PTY;LTD CEVA LOGISTICS DOOR 9;BUILDING 1 60 WALLGROVE ROAD;MINCHINBURY;MINCHINBURY;N S W;2770;AU;Neil Newton;
MELIR00804347,6/05/2025,OUTDOOR NETWORKS AUSTRALIA PTY LTD,518344261,5,,EXPRESS WORLDWIDE nondoc,1,104.49,,,,0,B,5092937172,7,22019930,9/04/2025,EINDHOVEN,SYD. SYDNEY,COMMSCOPE TECHNOLOGIES UK;Arsenaal 2;VEENENDAAL;VEENENDAAL;3905 NN;NL;Djamay De Wit;djamay.dewit@commscope.com;,OUTDOOR WIRELESS NETWORKS AUSTRALIA PTY;LTD. CEVA LOGISTICS DOOR 6;BLDG 1/ 60 WALLGROVE RD;BLDG 1/ 60 WALLGROVE RD;MINCHINBURY;New South Wales;2770;AU;OUTDOOR WIRELESS NETWORKS AUSTRALIA;
MELIR00804347,6/05/2025,OUTDOOR NETWORKS AUSTRALIA PTY LTD,518344261,6,,CHANGE OF BILLING,1,20,,,,0,B,5092937172,0,22019930,9/04/2025,EINDHOVEN,SYD. SYDNEY,COMMSCOPE TECHNOLOGIES UK;Arsenaal 2;VEENENDAAL;VEENENDAAL;3905 NN;NL;Djamay De Wit;djamay.dewit@commscope.com;,OUTDOOR WIRELESS NETWORKS AUSTRALIA PTY;LTD. CEVA LOGISTICS DOOR 6;BLDG 1/ 60 WALLGROVE RD;BLDG 1/ 60 WALLGROVE RD;MINCHINBURY;New South Wales;2770;AU;OUTDOOR WIRELESS NETWORKS AUSTRALIA;
MELIR00804347,6/05/2025,OUTDOOR NETWORKS AUSTRALIA PTY LTD,518344261,7,,FUEL SURCHARGE,1,29.52,,,,0,B,5092937172,0,22019930,9/04/2025,EINDHOVEN,SYD. SYDNEY,COMMSCOPE TECHNOLOGIES UK;Arsenaal 2;VEENENDAAL;VEENENDAAL;3905 NN;NL;Djamay De Wit;djamay.dewit@commscope.com;,OUTDOOR WIRELESS NETWORKS AUSTRALIA PTY;LTD. CEVA LOGISTICS DOOR 6;BLDG 1/ 60 WALLGROVE RD;BLDG 1/ 60 WALLGROVE RD;MINCHINBURY;New South Wales;2770;AU;OUTDOOR WIRELESS NETWORKS AUSTRALIA;
MELIR00806978,13/05/2025,OUTDOOR NETWORKS AUSTRALIA PTY LTD,518344261,1,,EXPRESS WORLDWIDE nondoc,1,118.97,,,,0,B,4671183576,9,22025156,16/04/2025,EINDHOVEN,SYD. SYDNEY,COMMSCOPE TECHNOLOGIES UK;Arsenaal 2;VEENENDAAL;VEENENDAAL;3905 NN;NL;Djamay De Wit;djamay.dewit@commscope.com;,OUTDOOR WIRELESS NETWORKS AUSTRALIA PTY;LTD. CEVA LOGISTICS DOOR 6;BLDG 1/ 60 WALLGROVE RD;BLDG 1/ 60 WALLGROVE RD;MINCHINBURY;New South Wales;2770;AU;OUTDOOR WIRELESS NETWORKS AUSTRALIA;
MELIR00806978,13/05/2025,OUTDOOR NETWORKS AUSTRALIA PTY LTD,518344261,2,,FUEL SURCHARGE,1,33.61,,,,0,B,4671183576,0,22025156,16/04/2025,EINDHOVEN,SYD. SYDNEY,COMMSCOPE TECHNOLOGIES UK;Arsenaal 2;VEENENDAAL;VEENENDAAL;3905 NN;NL;Djamay De Wit;djamay.dewit@commscope.com;,OUTDOOR WIRELESS NETWORKS AUSTRALIA PTY;LTD. CEVA LOGISTICS DOOR 6;BLDG 1/ 60 WALLGROVE RD;BLDG 1/ 60 WALLGROVE RD;MINCHINBURY;New South Wales;2770;AU;OUTDOOR WIRELESS NETWORKS AUSTRALIA;
MELIR00806978,13/05/2025,OUTDOOR NETWORKS AUSTRALIA PTY LTD,518344261,3,,CHANGE OF BILLING,1,20,,,,0,B,4671183576,0,22025156,16/04/2025,EINDHOVEN,SYD. SYDNEY,COMMSCOPE TECHNOLOGIES UK;Arsenaal 2;VEENENDAAL;VEENENDAAL;3905 NN;NL;Djamay De Wit;djamay.dewit@commscope.com;,OUTDOOR WIRELESS NETWORKS AUSTRALIA PTY;LTD. CEVA LOGISTICS DOOR 6;BLDG 1/ 60 WALLGROVE RD;BLDG 1/ 60 WALLGROVE RD;MINCHINBURY;New South Wales;2770;AU;OUTDOOR WIRELESS NETWORKS AUSTRALIA;
MELIR00806978,13/05/2025,OUTDOOR NETWORKS AUSTRALIA PTY LTD,518344261,4,,EXPRESS WORLDWIDE nondoc,2,450,,,,0,B,7025471305,14.5,SO#5776032,28/04/2025,SUZHOU & SURROUNDING,WLG. WELLINGTON,COMMSCOPE TELECOMMUNICATION (CHINA)CO.LTD;68# SU HONG XI ROAD;SUZHOU INDUSTRIAL PARK;SUZHOU JIANGSU 215021;SUZHOU;215021;CN;FAN JUNYAO;,KORDIA LTD;28-30 CASHEW STREET;WELLINGTON 5028;WELLINGTON;WELLINGTON;5028;NZ;NICOLA.SCOTT;NICOLA.SCOTT@KORDIA.CO.NZ;
MELIR00806978,13/05/2025,OUTDOOR NETWORKS AUSTRALIA PTY LTD,518344261,5,,CHANGE OF BILLING,2,20,,,,0,B,7025471305,0,SO#5776032,28/04/2025,SUZHOU & SURROUNDING,WLG. WELLINGTON,COMMSCOPE TELECOMMUNICATION (CHINA)CO.LTD;68# SU HONG XI ROAD;SUZHOU INDUSTRIAL PARK;SUZHOU JIANGSU 215021;SUZHOU;215021;CN;FAN JUNYAO;,KORDIA LTD;28-30 CASHEW STREET;WELLINGTON 5028;WELLINGTON;WELLINGTON;5028;NZ;NICOLA.SCOTT;NICOLA.SCOTT@KORDIA.CO.NZ;
MELIR00806978,13/05/2025,OUTDOOR NETWORKS AUSTRALIA PTY LTD,518344261,6,,FUEL SURCHARGE,2,127.13,,,,0,B,7025471305,0,SO#5776032,28/04/2025,SUZHOU & SURROUNDING,WLG. WELLINGTON,COMMSCOPE TELECOMMUNICATION (CHINA)CO.LTD;68# SU HONG XI ROAD;SUZHOU INDUSTRIAL PARK;SUZHOU JIANGSU 215021;SUZHOU;215021;CN;FAN JUNYAO;,KORDIA LTD;28-30 CASHEW STREET;WELLINGTON 5028;WELLINGTON;WELLINGTON;5028;NZ;NICOLA.SCOTT;NICOLA.SCOTT@KORDIA.CO.NZ;
MELIR00807085,14/05/2025,OUTDOOR NETWORKS AUSTRALIA PTY LTD,518344261,1,,EXPRESS WORLDWIDE nondoc,1,278.35,,,,0,B,5775369180,31,21955930,31/01/2025,NUERNBERG,SYD. SYDNEY,ANDREW WIRELESS SYSTEMS GMBH;Industriering 10;BY;BUCHDORF;BUCHDORF;BY;86675;DE;Thomas Totzauer;de05-admin@commscope.com;,OUTDOOR WIRELESS NETWORKS AUSTRALIA;CEVA LOGISTICS DOOR 6;BUILDING 1 60 WALLGROVE ROAD;BUILDING 1 60 WALLGROVE ROAD;MINCHINBURY;N S W;2770;AU;Neil Newton;
MELIR00807085,14/05/2025,OUTDOOR NETWORKS AUSTRALIA PTY LTD,518344261,2,,REMOTE AREA PICKUP,1,35,,,,0,B,5775369180,0,21955930,31/01/2025,NUERNBERG,SYD. SYDNEY,ANDREW WIRELESS SYSTEMS GMBH;Industriering 10;BY;BUCHDORF;BUCHDORF;BY;86675;DE;Thomas Totzauer;de05-admin@commscope.com;,OUTDOOR WIRELESS NETWORKS AUSTRALIA;CEVA LOGISTICS DOOR 6;BUILDING 1 60 WALLGROVE ROAD;BUILDING 1 60 WALLGROVE ROAD;MINCHINBURY;N S W;2770;AU;Neil Newton;
MELIR00807085,14/05/2025,OUTDOOR NETWORKS AUSTRALIA PTY LTD,518344261,3,,CHANGE OF BILLING,1,20,,,,0,B,5775369180,0,21955930,31/01/2025,NUERNBERG,SYD. SYDNEY,ANDREW WIRELESS SYSTEMS GMBH;Industriering 10;BY;BUCHDORF;BUCHDORF;BY;86675;DE;Thomas Totzauer;de05-admin@commscope.com;,OUTDOOR WIRELESS NETWORKS AUSTRALIA;CEVA LOGISTICS DOOR 6;BUILDING 1 60 WALLGROVE ROAD;BUILDING 1 60 WALLGROVE ROAD;MINCHINBURY;N S W;2770;AU;Neil Newton;
MELIR00807085,14/05/2025,OUTDOOR NETWORKS AUSTRALIA PTY LTD,518344261,4,,FUEL SURCHARGE,1,91.65,,,,0,B,5775369180,0,21955930,31/01/2025,NUERNBERG,SYD. SYDNEY,ANDREW WIRELESS SYSTEMS GMBH;Industriering 10;BY;BUCHDORF;BUCHDORF;BY;86675;DE;Thomas Totzauer;de05-admin@commscope.com;,OUTDOOR WIRELESS NETWORKS AUSTRALIA;CEVA LOGISTICS DOOR 6;BUILDING 1 60 WALLGROVE ROAD;BUILDING 1 60 WALLGROVE ROAD;MINCHINBURY;N S W;2770;AU;Neil Newton;
MELIR00807085,14/05/2025,OUTDOOR NETWORKS AUSTRALIA PTY LTD,518344261,5,,EXPRESS WORLDWIDE nondoc,1,115.35,,,,0,B,2939304970,8.5,22030219,23/04/2025,EINDHOVEN,SYD. SYDNEY,COMMSCOPE TECHNOLOGIES UK;ARSENAAL 2;VEENENDAAL;VEENENDAAL;3905 NN;NL;Djamay De Wit;djamay.dewit@commscope.com;,OUTDOOR WIRELESS NETWORKS AUSTRALIA PTY;LTD. CEVA LOGISTICS DOOR 6;BLDG 1/ 60 WALLGROVE RD;BLDG 1/ 60 WALLGROVE RD;MINCHINBURY;New South Wales;2770;AU;OUTDOOR WIRELESS NETWORKS AUSTRALIA;
MELIR00807085,14/05/2025,OUTDOOR NETWORKS AUSTRALIA PTY LTD,518344261,6,,CHANGE OF BILLING,1,20,,,,0,B,2939304970,0,22030219,23/04/2025,EINDHOVEN,SYD. SYDNEY,COMMSCOPE TECHNOLOGIES UK;ARSENAAL 2;VEENENDAAL;VEENENDAAL;3905 NN;NL;Djamay De Wit;djamay.dewit@commscope.com;,OUTDOOR WIRELESS NETWORKS AUSTRALIA PTY;LTD. CEVA LOGISTICS DOOR 6;BLDG 1/ 60 WALLGROVE RD;BLDG 1/ 60 WALLGROVE RD;MINCHINBURY;New South Wales;2770;AU;OUTDOOR WIRELESS NETWORKS AUSTRALIA;
MELIR00807085,14/05/2025,OUTDOOR NETWORKS AUSTRALIA PTY LTD,518344261,7,,FUEL SURCHARGE,1,32.59,,,,0,B,2939304970,0,22030219,23/04/2025,EINDHOVEN,SYD. SYDNEY,COMMSCOPE TECHNOLOGIES UK;ARSENAAL 2;VEENENDAAL;VEENENDAAL;3905 NN;NL;Djamay De Wit;djamay.dewit@commscope.com;,OUTDOOR WIRELESS NETWORKS AUSTRALIA PTY;LTD. CEVA LOGISTICS DOOR 6;BLDG 1/ 60 WALLGROVE RD;BLDG 1/ 60 WALLGROVE RD;MINCHINBURY;New South Wales;2770;AU;OUTDOOR WIRELESS NETWORKS AUSTRALIA;
MELR001495168,16/05/2025,OUTDOOR NETWORKS AUSTRALIA PTY LTD,518344261,1,,EXPRESS WORLDWIDE nondoc,1,365.76,,,,0,B,5994328185,36,,9/05/2025,SYDNEY,SZV. SUZHOU & SURROUNDING,OUTDOOR WIRELESS NETWORKS AUSTRALIA PTY C/- C;1/ 60 Wallgrove Rd;MINCHINBURY 2770 New South Wales;MINCHINBURY;MINCHINBURY;New South Wales;2770;AU;OUTDOOR WIRELESS NETWORKS AUSTRALIA;Martin.caruana@andrew.com;,COMMSCOPE TELECOMMUNICATIONS (CHINA) CO. LTD.;68 Su Hong Xi Lu Suzhou Industrial Park;JIANGSU AS;SUZHOU;SUZHOU;JIANGSU;215021;CN;Zeng Wenjie;wenjie.zeng@andrew.com;
MELR001495168,16/05/2025,OUTDOOR NETWORKS AUSTRALIA PTY LTD,518344261,2,,NON CONVEYABLE PIECE,1,32,,,,0,B,5994328185,0,,9/05/2025,SYDNEY,SZV. SUZHOU & SURROUNDING,OUTDOOR WIRELESS NETWORKS AUSTRALIA PTY C/- C;1/ 60 Wallgrove Rd;MINCHINBURY 2770 New South Wales;MINCHINBURY;MINCHINBURY;New South Wales;2770;AU;OUTDOOR WIRELESS NETWORKS AUSTRALIA;Martin.caruana@andrew.com;,COMMSCOPE TELECOMMUNICATIONS (CHINA) CO. LTD.;68 Su Hong Xi Lu Suzhou Industrial Park;JIANGSU AS;SUZHOU;SUZHOU;JIANGSU;215021;CN;Zeng Wenjie;wenjie.zeng@andrew.com;
MELR001495168,16/05/2025,OUTDOOR NETWORKS AUSTRALIA PTY LTD,518344261,3,,FUEL SURCHARGE,1,109.38,,,,0,B,5994328185,0,,9/05/2025,SYDNEY,SZV. SUZHOU & SURROUNDING,OUTDOOR WIRELESS NETWORKS AUSTRALIA PTY C/- C;1/ 60 Wallgrove Rd;MINCHINBURY 2770 New South Wales;MINCHINBURY;MINCHINBURY;New South Wales;2770;AU;OUTDOOR WIRELESS NETWORKS AUSTRALIA;Martin.caruana@andrew.com;,COMMSCOPE TELECOMMUNICATIONS (CHINA) CO. LTD.;68 Su Hong Xi Lu Suzhou Industrial Park;JIANGSU AS;SUZHOU;SUZHOU;JIANGSU;215021;CN;Zeng Wenjie;wenjie.zeng@andrew.com;
MELIR00815304,31/05/2025,OUTDOOR NETWORKS AUSTRALIA PTY LTD,518344261,1,,EXPRESS WORLDWIDE nondoc,1,46.91,,,,0,B,7175810062,2.5,8134620/00,27/05/2025,HARLINGEN,SYD. SYDNEY,OUTDOOR WIRELESS NETWORKS LLC;4101 E MILITARY HWY STE A;TEXAS TX TX TEXAS;MISSION;MISSION;Texas;78572;US;Louis Pabalinas;louis.pabalinas@commscope.com;,OUTDOOR WIRELESS NETWORKS AUSTRALIA PTY;LTD. CEVA LOGISTICS DOOR 6;LDG 1/ 60 WALLGROVE RD;LDG 1/ 60 WALLGROVE RD;MINCHINBURY;N S W;2770;AU;OUTDOOR WIRELESS NETWORKS AUSTRALIA;neilNewton@andrew.com;
MELIR00815304,31/05/2025,OUTDOOR NETWORKS AUSTRALIA PTY LTD,518344261,2,,FUEL SURCHARGE,1,12.9,,,,0,B,7175810062,0,8134620/00,27/05/2025,HARLINGEN,SYD. SYDNEY,OUTDOOR WIRELESS NETWORKS LLC;4101 E MILITARY HWY STE A;TEXAS TX TX TEXAS;MISSION;MISSION;Texas;78572;US;Louis Pabalinas;louis.pabalinas@commscope.com;,OUTDOOR WIRELESS NETWORKS AUSTRALIA PTY;LTD. CEVA LOGISTICS DOOR 6;LDG 1/ 60 WALLGROVE RD;LDG 1/ 60 WALLGROVE RD;MINCHINBURY;N S W;2770;AU;OUTDOOR WIRELESS NETWORKS AUSTRALIA;neilNewton@andrew.com;
MELIR00816694,4/06/2025,OUTDOOR NETWORKS AUSTRALIA PTY LTD,518344261,1,,EXPRESS WORLDWIDE nondoc,1,82.73,,,,0,B,2958024554,4,22047777,14/05/2025,EINDHOVEN,SYD. SYDNEY,COMMSCOPE TECHNOLOGIES UK;Arsenaal 2;VEENENDAAL;VEENENDAAL;3905 NN;NL;Djamay De Wit;djamay.dewit@commscope.com;,OUTDOOR WIRELESS NETWORKS AUSTRALIA PTY;LTD. CEVA LOGISTICS DOOR 6;BLDG 1/ 60 WALLGROVE RD;MINCHINBURY;MINCHINBURY;New South Wales;2770;AU;OUTDOOR WIRELESS NETWORKS AUSTRALIA;
MELIR00816694,4/06/2025,OUTDOOR NETWORKS AUSTRALIA PTY LTD,518344261,2,,CHANGE OF BILLING,1,20,,,,0,B,2958024554,0,22047777,14/05/2025,EINDHOVEN,SYD. SYDNEY,COMMSCOPE TECHNOLOGIES UK;Arsenaal 2;VEENENDAAL;VEENENDAAL;3905 NN;NL;Djamay De Wit;djamay.dewit@commscope.com;,OUTDOOR WIRELESS NETWORKS AUSTRALIA PTY;LTD. CEVA LOGISTICS DOOR 6;BLDG 1/ 60 WALLGROVE RD;MINCHINBURY;MINCHINBURY;New South Wales;2770;AU;OUTDOOR WIRELESS NETWORKS AUSTRALIA;
MELIR00816694,4/06/2025,OUTDOOR NETWORKS AUSTRALIA PTY LTD,518344261,3,,FUEL SURCHARGE,1,22.75,,,,0,B,2958024554,0,22047777,14/05/2025,EINDHOVEN,SYD. SYDNEY,COMMSCOPE TECHNOLOGIES UK;Arsenaal 2;VEENENDAAL;VEENENDAAL;3905 NN;NL;Djamay De Wit;djamay.dewit@commscope.com;,OUTDOOR WIRELESS NETWORKS AUSTRALIA PTY;LTD. CEVA LOGISTICS DOOR 6;BLDG 1/ 60 WALLGROVE RD;MINCHINBURY;MINCHINBURY;New South Wales;2770;AU;OUTDOOR WIRELESS NETWORKS AUSTRALIA;
MELIR00821620,18/06/2025,OUTDOOR NETWORKS AUSTRALIA PTY LTD,518344261,1,,DUTIES & TAXES,,0,,,,0,B,4992420742,0,PO#8004791474,4/06/2025,TOKYO,AKL. AUCKLAND,ANDREW JAPAN K.K.(SUMITOMO WAREHOUSE);4-6-16 Aomi Kouto-KuTokyo;TOKYO AP;TOKYO-TO KOTO KU;TOKYO-TO KOTO KU;TOKYO;135-0064;JP;ChaoqunQin;chaoqun.qin@andrew.com;,ENTELAR GROUP;8 WESTFIELD PLACE 1060 MOUNT WELLINGTON;AUCKLAND;AUCKLAND;1060;NZ;ROBERT HOLIDAY;robert.halliday@spark.co.nz;
MELIR00821620,18/06/2025,OUTDOOR NETWORKS AUSTRALIA PTY LTD,518344261,2,,BONDED STORAGE,,19.29,,,,0,B,4992420742,0,PO#8004791474,4/06/2025,TOKYO,AKL. AUCKLAND,ANDREW JAPAN K.K.(SUMITOMO WAREHOUSE);4-6-16 Aomi Kouto-KuTokyo;TOKYO AP;TOKYO-TO KOTO KU;TOKYO-TO KOTO KU;TOKYO;135-0064;JP;ChaoqunQin;chaoqun.qin@andrew.com;,ENTELAR GROUP;8 WESTFIELD PLACE 1060 MOUNT WELLINGTON;AUCKLAND;AUCKLAND;1060;NZ;ROBERT HOLIDAY;robert.halliday@spark.co.nz;
MELIR00822276,20/06/2025,OUTDOOR NETWORKS AUSTRALIA PTY LTD,518344261,1,,EXPRESS WORLDWIDE nondoc,1,85.21,,,,0,B,3339775202,6.5,8143778/00,10/06/2025,HARLINGEN,SYD. SYDNEY,OUTDOOR WIRELESS NETWORKS LLC;4101 E. MILITARY HWY. SUITE A;Texas TX;MISSION;MISSION;Texas;78572;US;Fabiola Lopez;Fabiola.lopez@commscope.com;,OUTDOOR WIRELESS NETWORKS AUSTRALIA PTY;LTD. CEVA LOGISTICS DOOR 6;BLDG 1/ 60 WALLGROVE RD;BLDG 1/ 60 WALLGROVE RD;MINCHINBURY;N S W;2770;AU;OUTDOOR WIRELESS NETWORKS AUSTRALIA;neilNewton@andrew.com;
MELIR00822276,20/06/2025,OUTDOOR NETWORKS AUSTRALIA PTY LTD,518344261,2,,FUEL SURCHARGE,1,22.79,,,,0,B,3339775202,0,8143778/00,10/06/2025,HARLINGEN,SYD. SYDNEY,OUTDOOR WIRELESS NETWORKS LLC;4101 E. MILITARY HWY. SUITE A;Texas TX;MISSION;MISSION;Texas;78572;US;Fabiola Lopez;Fabiola.lopez@commscope.com;,OUTDOOR WIRELESS NETWORKS AUSTRALIA PTY;LTD. CEVA LOGISTICS DOOR 6;BLDG 1/ 60 WALLGROVE RD;BLDG 1/ 60 WALLGROVE RD;MINCHINBURY;N S W;2770;AU;OUTDOOR WIRELESS NETWORKS AUSTRALIA;neilNewton@andrew.com;
MELIR00822276,20/06/2025,OUTDOOR NETWORKS AUSTRALIA PTY LTD,518344261,3,,EXPRESS WORLDWIDE nondoc,1,102.05,,,,0,B,6086478764,8.5,8137470/00,10/06/2025,HARLINGEN,SYD. SYDNEY,OUTDOOR WIRELESS NETWORKS LLC;4101 E. MILITARY HWY. SUITE A;Texas TX;MISSION;MISSION;Texas;78572;US;Fabiola Lopez;Fabiola.lopez@commscope.com;,OUTDOOR WIRELESS NETWORKS AUSTRALIA PTY;LTD. CEVA LOGISTICS DOOR 6;LDG 1/ 60 WALLGROVE RD;LDG 1/ 60 WALLGROVE RD;MINCHINBURY;N S W;2770;AU;OUTDOOR WIRELESS NETWORKS AUSTRALIA;neilNewton@andrew.com;
MELIR00822276,20/06/2025,OUTDOOR NETWORKS AUSTRALIA PTY LTD,518344261,4,,FUEL SURCHARGE,1,27.3,,,,0,B,6086478764,0,8137470/00,10/06/2025,HARLINGEN,SYD. SYDNEY,OUTDOOR WIRELESS NETWORKS LLC;4101 E. MILITARY HWY. SUITE A;Texas TX;MISSION;MISSION;Texas;78572;US;Fabiola Lopez;Fabiola.lopez@commscope.com;,OUTDOOR WIRELESS NETWORKS AUSTRALIA PTY;LTD. CEVA LOGISTICS DOOR 6;LDG 1/ 60 WALLGROVE RD;LDG 1/ 60 WALLGROVE RD;MINCHINBURY;N S W;2770;AU;OUTDOOR WIRELESS NETWORKS AUSTRALIA;neilNewton@andrew.com;
MELIR00822276,20/06/2025,OUTDOOR NETWORKS AUSTRALIA PTY LTD,518344261,5,,EXPRESS WORLDWIDE nondoc,1,76.78,,,,0,B,3628692045,5.5,8134660/00,12/06/2025,HARLINGEN,SYD. SYDNEY,OUTDOOR WIRELESS NETWORKS LLC;4101 E. MILITARY HWY. SUITE A;Texas TX;MISSION;MISSION;Texas;78572;US;Fabiola Lopez;fabiola.lopez@commscope.com;,OUTDOOR WIRELESS NETWORKS AUSTRALIA PTY;LTD. CEVA LOGISTICS DOOR 6;LDG 1/ 60 WALLGROVE RD;LDG 1/ 60 WALLGROVE RD;MINCHINBURY;N S W;2770;AU;OUTDOOR WIRELESS NETWORKS AUSTRALIA;neilNewton@andrew.com;
MELIR00822276,20/06/2025,OUTDOOR NETWORKS AUSTRALIA PTY LTD,518344261,6,,FUEL SURCHARGE,1,20.54,,,,0,B,3628692045,0,8134660/00,12/06/2025,HARLINGEN,SYD. SYDNEY,OUTDOOR WIRELESS NETWORKS LLC;4101 E. MILITARY HWY. SUITE A;Texas TX;MISSION;MISSION;Texas;78572;US;Fabiola Lopez;fabiola.lopez@commscope.com;,OUTDOOR WIRELESS NETWORKS AUSTRALIA PTY;LTD. CEVA LOGISTICS DOOR 6;LDG 1/ 60 WALLGROVE RD;LDG 1/ 60 WALLGROVE RD;MINCHINBURY;N S W;2770;AU;OUTDOOR WIRELESS NETWORKS AUSTRALIA;neilNewton@andrew.com;
MELIR00824996,27/06/2025,OUTDOOR NETWORKS AUSTRALIA PTY LTD,518344261,1,,EXPRESS WORLDWIDE nondoc,1,102.05,,,,0,B,7239853331,8.5,8150607/00,20/06/2025,HARLINGEN,SYD. SYDNEY,OUTDOOR WIRELESS NETWORKS LLC;4101 E. MILITARY HWY. SUITE A;Texas TX;MISSION;MISSION;Texas;78572;US;Fabiola Lopez;Fabiola.lopez@commscope.com;,OUTDOOR WIRELESS NETWORKS AUSTRALIA PTY;LTD. CEVA LOGISTICS DOOR 6;LDG 1/ 60 WALLGROVE RD;LDG 1/ 60 WALLGROVE RD;MINCHINBURY;N S W;2770;AU;OUTDOOR WIRELESS NETWORKS AUSTRALIA;neilNewton@andrew.com;
MELIR00824996,27/06/2025,OUTDOOR NETWORKS AUSTRALIA PTY LTD,518344261,2,,FUEL SURCHARGE,1,27.3,,,,0,B,7239853331,0,8150607/00,20/06/2025,HARLINGEN,SYD. SYDNEY,OUTDOOR WIRELESS NETWORKS LLC;4101 E. MILITARY HWY. SUITE A;Texas TX;MISSION;MISSION;Texas;78572;US;Fabiola Lopez;Fabiola.lopez@commscope.com;,OUTDOOR WIRELESS NETWORKS AUSTRALIA PTY;LTD. CEVA LOGISTICS DOOR 6;LDG 1/ 60 WALLGROVE RD;LDG 1/ 60 WALLGROVE RD;MINCHINBURY;N S W;2770;AU;OUTDOOR WIRELESS NETWORKS AUSTRALIA;neilNewton@andrew.com;
MELR001510911,27/06/2025,OUTDOOR NETWORKS AUSTRALIA PTY LTD,518344261,1,,EXPRESS WORLDWIDE nondoc,1,822.8,,,,0,B,6115672172,85,,19/06/2025,SYDNEY,NUE. NUERNBERG,OWNA;60 Wallgrove Road;MINCHINBURY 2770 NEW SOUTH WALES;MINCHINBURY;MINCHINBURY;NEW SOUTH WALES;2770;AU;JOE XIE;Joe.Xie@andrew.com;,ANDREW WIRELESS SYSTEMS GMBH;Industriering 10 D- 86675 Buchdorf Germany;Bavaria BY;BUCHDORF;BUCHDORF;Bavaria;86675;DE;Andrew Wireless Systems GMBH;sebastian.ferber@andrew.com;
MELR001510911,27/06/2025,OUTDOOR NETWORKS AUSTRALIA PTY LTD,518344261,2,,OVERWEIGHT PIECE,1,160,,,,0,B,6115672172,0,,19/06/2025,SYDNEY,NUE. NUERNBERG,OWNA;60 Wallgrove Road;MINCHINBURY 2770 NEW SOUTH WALES;MINCHINBURY;MINCHINBURY;NEW SOUTH WALES;2770;AU;JOE XIE;Joe.Xie@andrew.com;,ANDREW WIRELESS SYSTEMS GMBH;Industriering 10 D- 86675 Buchdorf Germany;Bavaria BY;BUCHDORF;BUCHDORF;Bavaria;86675;DE;Andrew Wireless Systems GMBH;sebastian.ferber@andrew.com;
MELR001510911,27/06/2025,OUTDOOR NETWORKS AUSTRALIA PTY LTD,518344261,3,,FUEL SURCHARGE,1,285.64,,,,0,B,6115672172,0,,19/06/2025,SYDNEY,NUE. NUERNBERG,OWNA;60 Wallgrove Road;MINCHINBURY 2770 NEW SOUTH WALES;MINCHINBURY;MINCHINBURY;NEW SOUTH WALES;2770;AU;JOE XIE;Joe.Xie@andrew.com;,ANDREW WIRELESS SYSTEMS GMBH;Industriering 10 D- 86675 Buchdorf Germany;Bavaria BY;BUCHDORF;BUCHDORF;Bavaria;86675;DE;Andrew Wireless Systems GMBH;sebastian.ferber@andrew.com;
MELR001510911,27/06/2025,OUTDOOR NETWORKS AUSTRALIA PTY LTD,518344261,4,,REMOTE AREA DELIVERY,1,85,,,,0,B,6115672172,0,,19/06/2025,SYDNEY,NUE. NUERNBERG,OWNA;60 Wallgrove Road;MINCHINBURY 2770 NEW SOUTH WALES;MINCHINBURY;MINCHINBURY;NEW SOUTH WALES;2770;AU;JOE XIE;Joe.Xie@andrew.com;,ANDREW WIRELESS SYSTEMS GMBH;Industriering 10 D- 86675 Buchdorf Germany;Bavaria BY;BUCHDORF;BUCHDORF;Bavaria;86675;DE;Andrew Wireless Systems GMBH;sebastian.ferber@andrew.com;
MELR001510911,27/06/2025,OUTDOOR NETWORKS AUSTRALIA PTY LTD,518344261,5,,EXPRESS DOMESTIC 12:00,1,16.47,,,,1.65,A,5732804895,1.5,MID: 7642125-00 SUI,20/06/2025,MELBOURNE,SYD. SYDNEY,ANDREW;17 Sanctuary Drive;BUNDOORA 3083 VICTORIA;BUNDOORA;BUNDOORA;VICTORIA;3083;AU;Bernard Lotter;bernard.lotter@andrew.com;,OUTDOOR WIRELESS NETWORKS AUSTRALIA;4 Peake Avenue;RHODES 2138 NEW SOUTH WALES;RHODES;RHODES;NEW SOUTH WALES;2138;AU;Bob Papac;bob.papac@andrew.com;
MELR001510911,27/06/2025,OUTDOOR NETWORKS AUSTRALIA PTY LTD,518344261,6,,DIRECT SIGNATURE,1,7.9,,,,0.79,A,5732804895,0,MID: 7642125-00 SUI,20/06/2025,MELBOURNE,SYD. SYDNEY,ANDREW;17 Sanctuary Drive;BUNDOORA 3083 VICTORIA;BUNDOORA;BUNDOORA;VICTORIA;3083;AU;Bernard Lotter;bernard.lotter@andrew.com;,OUTDOOR WIRELESS NETWORKS AUSTRALIA;4 Peake Avenue;RHODES 2138 NEW SOUTH WALES;RHODES;RHODES;NEW SOUTH WALES;2138;AU;Bob Papac;bob.papac@andrew.com;
MELR001510911,27/06/2025,OUTDOOR NETWORKS AUSTRALIA PTY LTD,518344261,7,,PREMIUM 12:00,1,10,,,,1,A,5732804895,0,MID: 7642125-00 SUI,20/06/2025,MELBOURNE,SYD. SYDNEY,ANDREW;17 Sanctuary Drive;BUNDOORA 3083 VICTORIA;BUNDOORA;BUNDOORA;VICTORIA;3083;AU;Bernard Lotter;bernard.lotter@andrew.com;,OUTDOOR WIRELESS NETWORKS AUSTRALIA;4 Peake Avenue;RHODES 2138 NEW SOUTH WALES;RHODES;RHODES;NEW SOUTH WALES;2138;AU;Bob Papac;bob.papac@andrew.com;
MELR001510911,27/06/2025,OUTDOOR NETWORKS AUSTRALIA PTY LTD,518344261,8,,FUEL SURCHARGE,1,7.08,,,,0.71,A,5732804895,0,MID: 7642125-00 SUI,20/06/2025,MELBOURNE,SYD. SYDNEY,ANDREW;17 Sanctuary Drive;BUNDOORA 3083 VICTORIA;BUNDOORA;BUNDOORA;VICTORIA;3083;AU;Bernard Lotter;bernard.lotter@andrew.com;,OUTDOOR WIRELESS NETWORKS AUSTRALIA;4 Peake Avenue;RHODES 2138 NEW SOUTH WALES;RHODES;RHODES;NEW SOUTH WALES;2138;AU;Bob Papac;bob.papac@andrew.com;
MELIR00829045,4/07/2025,OUTDOOR NETWORKS AUSTRALIA PTY LTD,518344261,1,,EXPRESS WORLDWIDE nondoc,1,46.56,,,,0,B,2773288066,1.5,STO#990454168,1/07/2025,TOKYO,SYD. SYDNEY,ANDREW JAPAN K.K.(SUMITOMO WAREHOUSE);4-6-16 Aomi Kouto-KuTokyo;TOKYO AP;TOKYO-TO KOTO KU;TOKYO-TO KOTO KU;TOKYO;135-0064;JP;ChaoqunQin;chaoqun.qin@andrew.com;,OUTDOOR WIRELESS NETWORKS AUSTRALIA PTY;BUILDING 1 60 WALLGROVE ROAD;LTD. CEVA LOGISTICS;MINCHINBURY;MINCHINBURY;N S W;2770;AU;Brett Mulberry;neil.newton@andrew.com;
MELIR00829045,4/07/2025,OUTDOOR NETWORKS AUSTRALIA PTY LTD,518344261,2,,GOGREEN PLUS - CARBON REDUCED,1,0.99,,,,0,B,2773288066,0,STO#990454168,1/07/2025,TOKYO,SYD. SYDNEY,ANDREW JAPAN K.K.(SUMITOMO WAREHOUSE);4-6-16 Aomi Kouto-KuTokyo;TOKYO AP;TOKYO-TO KOTO KU;TOKYO-TO KOTO KU;TOKYO;135-0064;JP;ChaoqunQin;chaoqun.qin@andrew.com;,OUTDOOR WIRELESS NETWORKS AUSTRALIA PTY;BUILDING 1 60 WALLGROVE ROAD;LTD. CEVA LOGISTICS;MINCHINBURY;MINCHINBURY;N S W;2770;AU;Brett Mulberry;neil.newton@andrew.com;
MELIR00829045,4/07/2025,OUTDOOR NETWORKS AUSTRALIA PTY LTD,518344261,3,,FUEL SURCHARGE,1,12.57,,,,0,B,2773288066,0,STO#990454168,1/07/2025,TOKYO,SYD. SYDNEY,ANDREW JAPAN K.K.(SUMITOMO WAREHOUSE);4-6-16 Aomi Kouto-KuTokyo;TOKYO AP;TOKYO-TO KOTO KU;TOKYO-TO KOTO KU;TOKYO;135-0064;JP;ChaoqunQin;chaoqun.qin@andrew.com;,OUTDOOR WIRELESS NETWORKS AUSTRALIA PTY;BUILDING 1 60 WALLGROVE ROAD;LTD. CEVA LOGISTICS;MINCHINBURY;MINCHINBURY;N S W;2770;AU;Brett Mulberry;neil.newton@andrew.com;
MELIR00830331,8/07/2025,OUTDOOR NETWORKS AUSTRALIA PTY LTD,518344261,1,,EXPRESS WORLDWIDE nondoc,1,328.9,,,,0,B,1578995386,29,21961421,7/02/2025,MILAN,SYD. SYDNEY,COMMSCOPE ITALY S.R.L.;VIA ARCHIMEDE 22/24;LOMBARDIA LOMBARDIA;AGRATE BRIANZA;AGRATE BRIANZA;LOMBARDIA;20864;IT;Fausto Stucchi;fausto.stucchi@commscope.com;,OUTDOOR WIRELESS NETWORKS AUSTRALIA PTY;BLDG 1/ 60 Wallgrove Rd;LTD. CEVA LOGISTICS Door 6;LTD. CEVA LOGISTICS Door 6;MINCHINBURY;N S W;2770;AU;George Yap;george.yap@andrew.com;
MELIR00830331,8/07/2025,OUTDOOR NETWORKS AUSTRALIA PTY LTD,518344261,2,,CHANGE OF BILLING,1,20,,,,0,B,1578995386,0,21961421,7/02/2025,MILAN,SYD. SYDNEY,COMMSCOPE ITALY S.R.L.;VIA ARCHIMEDE 22/24;LOMBARDIA LOMBARDIA;AGRATE BRIANZA;AGRATE BRIANZA;LOMBARDIA;20864;IT;Fausto Stucchi;fausto.stucchi@commscope.com;,OUTDOOR WIRELESS NETWORKS AUSTRALIA PTY;BLDG 1/ 60 Wallgrove Rd;LTD. CEVA LOGISTICS Door 6;LTD. CEVA LOGISTICS Door 6;MINCHINBURY;N S W;2770;AU;George Yap;george.yap@andrew.com;
MELIR00830331,8/07/2025,OUTDOOR NETWORKS AUSTRALIA PTY LTD,518344261,3,,FUEL SURCHARGE,1,96.2,,,,0,B,1578995386,0,21961421,7/02/2025,MILAN,SYD. SYDNEY,COMMSCOPE ITALY S.R.L.;VIA ARCHIMEDE 22/24;LOMBARDIA LOMBARDIA;AGRATE BRIANZA;AGRATE BRIANZA;LOMBARDIA;20864;IT;Fausto Stucchi;fausto.stucchi@commscope.com;,OUTDOOR WIRELESS NETWORKS AUSTRALIA PTY;BLDG 1/ 60 Wallgrove Rd;LTD. CEVA LOGISTICS Door 6;LTD. CEVA LOGISTICS Door 6;MINCHINBURY;N S W;2770;AU;George Yap;george.yap@andrew.com;
MELIR00830331,8/07/2025,OUTDOOR NETWORKS AUSTRALIA PTY LTD,518344261,4,,EXPRESS WORLDWIDE nondoc,1,104.49,,,,0,B,3350048903,7,21991376,13/03/2025,AMSTERDAM,SYD. SYDNEY,COMMSCOPE TECHNOLOGIES UK;Arsenaal 2;VEENENDAAL;VEENENDAAL;3905 NN;NL;Djamay De Wit;djamay.dewit@commscope.com;,OUTDOOR WIRELESS NETWORKS AUSTRALIA PTY;LTD. CEVA LOGISTICS DOOR 6;BLDG 1/ 60 WALLGROVE RD;BLDG 1/ 60 WALLGROVE RD;MINCHINBURY;New South Wales;2770;AU;OUTDOOR WIRELESS NETWORKS AUSTRALIA;
MELIR00830331,8/07/2025,OUTDOOR NETWORKS AUSTRALIA PTY LTD,518344261,5,,CHANGE OF BILLING,1,20,,,,0,B,3350048903,0,21991376,13/03/2025,AMSTERDAM,SYD. SYDNEY,COMMSCOPE TECHNOLOGIES UK;Arsenaal 2;VEENENDAAL;VEENENDAAL;3905 NN;NL;Djamay De Wit;djamay.dewit@commscope.com;,OUTDOOR WIRELESS NETWORKS AUSTRALIA PTY;LTD. CEVA LOGISTICS DOOR 6;BLDG 1/ 60 WALLGROVE RD;BLDG 1/ 60 WALLGROVE RD;MINCHINBURY;New South Wales;2770;AU;OUTDOOR WIRELESS NETWORKS AUSTRALIA;
MELIR00830331,8/07/2025,OUTDOOR NETWORKS AUSTRALIA PTY LTD,518344261,6,,FUEL SURCHARGE,1,31.09,,,,0,B,3350048903,0,21991376,13/03/2025,AMSTERDAM,SYD. SYDNEY,COMMSCOPE TECHNOLOGIES UK;Arsenaal 2;VEENENDAAL;VEENENDAAL;3905 NN;NL;Djamay De Wit;djamay.dewit@commscope.com;,OUTDOOR WIRELESS NETWORKS AUSTRALIA PTY;LTD. CEVA LOGISTICS DOOR 6;BLDG 1/ 60 WALLGROVE RD;BLDG 1/ 60 WALLGROVE RD;MINCHINBURY;New South Wales;2770;AU;OUTDOOR WIRELESS NETWORKS AUSTRALIA;
MELIR00830331,8/07/2025,OUTDOOR NETWORKS AUSTRALIA PTY LTD,518344261,7,,EXPRESS WORLDWIDE nondoc,1,108.11,,,,0,B,1803424195,7.5,22001473,20/03/2025,EINDHOVEN,SYD. SYDNEY,COMMSCOPE TECHNOLOGIES UK;Arsenaal 2;VEENENDAAL;VEENENDAAL;3905 NN;NL;Djamay De Wit;djamay.dewit@commscope.com;,OUTDOOR WIRELESS NETWORKS AUSTRALIA PTY;LTD. CEVA LOGISTICS DOOR 6;BLDG 1/ 60 WALLGROVE RD;BLDG 1/ 60 WALLGROVE RD;MINCHINBURY;New South Wales;2770;AU;OUTDOOR WIRELESS NETWORKS AUSTRALIA;
MELIR00830331,8/07/2025,OUTDOOR NETWORKS AUSTRALIA PTY LTD,518344261,8,,FUEL SURCHARGE,1,32.16,,,,0,B,1803424195,0,22001473,20/03/2025,EINDHOVEN,SYD. SYDNEY,COMMSCOPE TECHNOLOGIES UK;Arsenaal 2;VEENENDAAL;VEENENDAAL;3905 NN;NL;Djamay De Wit;djamay.dewit@commscope.com;,OUTDOOR WIRELESS NETWORKS AUSTRALIA PTY;LTD. CEVA LOGISTICS DOOR 6;BLDG 1/ 60 WALLGROVE RD;BLDG 1/ 60 WALLGROVE RD;MINCHINBURY;New South Wales;2770;AU;OUTDOOR WIRELESS NETWORKS AUSTRALIA;
MELIR00830331,8/07/2025,OUTDOOR NETWORKS AUSTRALIA PTY LTD,518344261,9,,EXPRESS WORLDWIDE nondoc,1,89.97,,,,0,B,1738912674,5,22001472,21/03/2025,EINDHOVEN,SYD. SYDNEY,COMMSCOPE TECHNOLOGIES UK;Arsenaal 2;VEENENDAAL;VEENENDAAL;3905 NN;NL;Djamay De Wit;djamay.dewit@commscope.com;,OUTDOOR WIRELESS NETWORKS AUSTRALIA PTY;LTD. CEVA LOGISTICS DOOR 6;BLDG 1/ 60 WALLGROVE RD;BLDG 1/ 60 WALLGROVE RD;MINCHINBURY;New South Wales;2770;AU;OUTDOOR WIRELESS NETWORKS AUSTRALIA;
MELIR00830331,8/07/2025,OUTDOOR NETWORKS AUSTRALIA PTY LTD,518344261,10,,CHANGE OF BILLING,1,20,,,,0,B,1738912674,0,22001472,21/03/2025,EINDHOVEN,SYD. SYDNEY,COMMSCOPE TECHNOLOGIES UK;Arsenaal 2;VEENENDAAL;VEENENDAAL;3905 NN;NL;Djamay De Wit;djamay.dewit@commscope.com;,OUTDOOR WIRELESS NETWORKS AUSTRALIA PTY;LTD. CEVA LOGISTICS DOOR 6;BLDG 1/ 60 WALLGROVE RD;BLDG 1/ 60 WALLGROVE RD;MINCHINBURY;New South Wales;2770;AU;OUTDOOR WIRELESS NETWORKS AUSTRALIA;
MELIR00830331,8/07/2025,OUTDOOR NETWORKS AUSTRALIA PTY LTD,518344261,11,,FUEL SURCHARGE,1,26.77,,,,0,B,1738912674,0,22001472,21/03/2025,EINDHOVEN,SYD. SYDNEY,COMMSCOPE TECHNOLOGIES UK;Arsenaal 2;VEENENDAAL;VEENENDAAL;3905 NN;NL;Djamay De Wit;djamay.dewit@commscope.com;,OUTDOOR WIRELESS NETWORKS AUSTRALIA PTY;LTD. CEVA LOGISTICS DOOR 6;BLDG 1/ 60 WALLGROVE RD;BLDG 1/ 60 WALLGROVE RD;MINCHINBURY;New South Wales;2770;AU;OUTDOOR WIRELESS NETWORKS AUSTRALIA;
MELR001516575,8/07/2025,OUTDOOR NETWORKS AUSTRALIA PTY LTD,518344261,1,,EXPRESS WORLDWIDE nondoc,1,140.06,,,,0,B,1025305971,8,,28/02/2025,SYDNEY,COP. DALLAS,OUTDOOR WIRELESS NETWORKS AUSTRALIA PTY;1/60 Wallgrove Road;MINCHINBURY 2770 New South Wales;MINCHINBURY;MINCHINBURY;New South Wales;2770;AU;Andrew an Amphenol Company Pty Ltd;Linda.Wren@cevalogistics.com;,OUTDOOR WIRELESS NETWORKS LLC;C/O FedEx 4951 Langdon Road Suite 100;Texas TX;DALLAS;DALLAS;Texas;75241;US;Fabiola Lopez;Fabiola.Lopez@andrew.com;
MELR001516575,8/07/2025,OUTDOOR NETWORKS AUSTRALIA PTY LTD,518344261,2,,CHANGE OF BILLING,1,20,,,,0,B,1025305971,0,,28/02/2025,SYDNEY,COP. DALLAS,OUTDOOR WIRELESS NETWORKS AUSTRALIA PTY;1/60 Wallgrove Road;MINCHINBURY 2770 New South Wales;MINCHINBURY;MINCHINBURY;New South Wales;2770;AU;Andrew an Amphenol Company Pty Ltd;Linda.Wren@cevalogistics.com;,OUTDOOR WIRELESS NETWORKS LLC;C/O FedEx 4951 Langdon Road Suite 100;Texas TX;DALLAS;DALLAS;Texas;75241;US;Fabiola Lopez;Fabiola.Lopez@andrew.com;
MELR001516575,8/07/2025,OUTDOOR NETWORKS AUSTRALIA PTY LTD,518344261,3,,FUEL SURCHARGE,1,40.97,,,,0,B,1025305971,0,,28/02/2025,SYDNEY,COP. DALLAS,OUTDOOR WIRELESS NETWORKS AUSTRALIA PTY;1/60 Wallgrove Road;MINCHINBURY 2770 New South Wales;MINCHINBURY;MINCHINBURY;New South Wales;2770;AU;Andrew an Amphenol Company Pty Ltd;Linda.Wren@cevalogistics.com;,OUTDOOR WIRELESS NETWORKS LLC;C/O FedEx 4951 Langdon Road Suite 100;Texas TX;DALLAS;DALLAS;Texas;75241;US;Fabiola Lopez;Fabiola.Lopez@andrew.com;
MELR001516575,8/07/2025,OUTDOOR NETWORKS AUSTRALIA PTY LTD,518344261,4,,EXPRESS WORLDWIDE nondoc,1,209.31,,,,0,B,8436848254,17.5,,28/02/2025,SYDNEY,NUE. NUERNBERG,OUTDOOR WIRELESS NETWORKS AUSTRALIA PTY;Door 6 BLDG 1/ 60 Wallgrove Rd;MINCHINBURY 2770 NSW;MINCHINBURY;MINCHINBURY;NSW;2770;AU;OUTDOOR WIRELESS NETWORKS AUSTRALIA;Linda.Wren@cevalogistics.com;,ANDREW WIRELESS SYSTEMS GMBH;Industriering 10;Bayern BY;BUCHDORF;BUCHDORF;Bayern;86675;DE;Andrew Wireless Systems GMBH;sebastian.ferber@commscope.com;
MELR001516575,8/07/2025,OUTDOOR NETWORKS AUSTRALIA PTY LTD,518344261,5,,FUEL SURCHARGE,1,71.46,,,,0,B,8436848254,0,,28/02/2025,SYDNEY,NUE. NUERNBERG,OUTDOOR WIRELESS NETWORKS AUSTRALIA PTY;Door 6 BLDG 1/ 60 Wallgrove Rd;MINCHINBURY 2770 NSW;MINCHINBURY;MINCHINBURY;NSW;2770;AU;OUTDOOR WIRELESS NETWORKS AUSTRALIA;Linda.Wren@cevalogistics.com;,ANDREW WIRELESS SYSTEMS GMBH;Industriering 10;Bayern BY;BUCHDORF;BUCHDORF;Bayern;86675;DE;Andrew Wireless Systems GMBH;sebastian.ferber@commscope.com;
MELR001516575,8/07/2025,OUTDOOR NETWORKS AUSTRALIA PTY LTD,518344261,6,,REMOTE AREA DELIVERY,1,35,,,,0,B,8436848254,0,,28/02/2025,SYDNEY,NUE. NUERNBERG,OUTDOOR WIRELESS NETWORKS AUSTRALIA PTY;Door 6 BLDG 1/ 60 Wallgrove Rd;MINCHINBURY 2770 NSW;MINCHINBURY;MINCHINBURY;NSW;2770;AU;OUTDOOR WIRELESS NETWORKS AUSTRALIA;Linda.Wren@cevalogistics.com;,ANDREW WIRELESS SYSTEMS GMBH;Industriering 10;Bayern BY;BUCHDORF;BUCHDORF;Bayern;86675;DE;Andrew Wireless Systems GMBH;sebastian.ferber@commscope.com;
MELIR00831127,11/07/2025,OUTDOOR NETWORKS AUSTRALIA PTY LTD,518344261,1,,EXPRESS WORLDWIDE nondoc,2,420.58,,,,0,B,5827660090,51,8157792/00,30/06/2025,HARLINGEN,SYD. SYDNEY,OUTDOOR WIRELESS NETWORKS LLC;4101 E. MILITARY HWY. SUITE A;suite a;MISSION;MISSION;TEXAS;78572;US;Fabiola Lopez;fabiola.lopez@commscope.com;,OUTDOOR WIRELESS NETWORKS AUSTRALIA PTY;LTD. CEVA LOGISTICS DOOR 6;BLDG 1/ 60 WALLGROVE RD;MINCHINBURY;MINCHINBURY;N S W;2770;AU;OUTDOOR WIRELESS NETWORKS AUSTRALIA;neilNewton@andrew.com;
MELIR00831127,11/07/2025,OUTDOOR NETWORKS AUSTRALIA PTY LTD,518344261,2,,FUEL SURCHARGE,2,112.51,,,,0,B,5827660090,0,8157792/00,30/06/2025,HARLINGEN,SYD. SYDNEY,OUTDOOR WIRELESS NETWORKS LLC;4101 E. MILITARY HWY. SUITE A;suite a;MISSION;MISSION;TEXAS;78572;US;Fabiola Lopez;fabiola.lopez@commscope.com;,OUTDOOR WIRELESS NETWORKS AUSTRALIA PTY;LTD. CEVA LOGISTICS DOOR 6;BLDG 1/ 60 WALLGROVE RD;MINCHINBURY;MINCHINBURY;N S W;2770;AU;OUTDOOR WIRELESS NETWORKS AUSTRALIA;neilNewton@andrew.com;
MELIR00831127,11/07/2025,OUTDOOR NETWORKS AUSTRALIA PTY LTD,518344261,3,,EXPRESS WORLDWIDE nondoc,1,151.88,,,,0,B,4123105744,15,8154284/00,30/06/2025,HARLINGEN,SYD. SYDNEY,OUTDOOR WIRELESS NETWORKS LLC;4101 E. MILITARY HWY. SUITE A;suite a;MISSION;MISSION;TEXAS;78572;US;Fabiola Lopez;fabiola.lopez@commscope.com;,OUTDOOR WIRELESS NETWORKS AUSTRALIA PTY;LTD. CEVA LOGISTICS DOOR 6;BLDG 1/ 60 WALLGROVE RD;MINCHINBURY;MINCHINBURY;N S W;2770;AU;OUTDOOR WIRELESS NETWORKS AUSTRALIA;neilNewton@andrew.com;
MELIR00831127,11/07/2025,OUTDOOR NETWORKS AUSTRALIA PTY LTD,518344261,4,,EXPORT DECLARATION,1,15,,,,0,B,4123105744,0,8154284/00,30/06/2025,HARLINGEN,SYD. SYDNEY,OUTDOOR WIRELESS NETWORKS LLC;4101 E. MILITARY HWY. SUITE A;suite a;MISSION;MISSION;TEXAS;78572;US;Fabiola Lopez;fabiola.lopez@commscope.com;,OUTDOOR WIRELESS NETWORKS AUSTRALIA PTY;LTD. CEVA LOGISTICS DOOR 6;BLDG 1/ 60 WALLGROVE RD;MINCHINBURY;MINCHINBURY;N S W;2770;AU;OUTDOOR WIRELESS NETWORKS AUSTRALIA;neilNewton@andrew.com;
MELIR00831127,11/07/2025,OUTDOOR NETWORKS AUSTRALIA PTY LTD,518344261,5,,FUEL SURCHARGE,1,40.63,,,,0,B,4123105744,0,8154284/00,30/06/2025,HARLINGEN,SYD. SYDNEY,OUTDOOR WIRELESS NETWORKS LLC;4101 E. MILITARY HWY. SUITE A;suite a;MISSION;MISSION;TEXAS;78572;US;Fabiola Lopez;fabiola.lopez@commscope.com;,OUTDOOR WIRELESS NETWORKS AUSTRALIA PTY;LTD. CEVA LOGISTICS DOOR 6;BLDG 1/ 60 WALLGROVE RD;MINCHINBURY;MINCHINBURY;N S W;2770;AU;OUTDOOR WIRELESS NETWORKS AUSTRALIA;neilNewton@andrew.com;
MELIR00831127,11/07/2025,OUTDOOR NETWORKS AUSTRALIA PTY LTD,518344261,6,,EXPRESS WORLDWIDE nondoc,1,89.42,,,,0,B,1418250735,7,8151301/00,30/06/2025,HARLINGEN,SYD. SYDNEY,OUTDOOR WIRELESS NETWORKS LLC;4101 E. MILITARY HWY. SUITE A;SUITE A TX TEXAS;MISSION;MISSION;TEXAS;78572;US;Fabiola Lopez;fabiola.lopez@commscope.com;,OUTDOOR WIRELESS NETWORKS AUSTRALIA PTY;LTD. CEVA LOGISTICS DOOR 6;BLDG 1/ 60 WALLGROVE RD;MINCHINBURY;MINCHINBURY;N S W;2770;AU;OUTDOOR WIRELESS NETWORKS AUSTRALIA;neilNewton@andrew.com;
MELIR00831127,11/07/2025,OUTDOOR NETWORKS AUSTRALIA PTY LTD,518344261,7,,FUEL SURCHARGE,1,23.92,,,,0,B,1418250735,0,8151301/00,30/06/2025,HARLINGEN,SYD. SYDNEY,OUTDOOR WIRELESS NETWORKS LLC;4101 E. MILITARY HWY. SUITE A;SUITE A TX TEXAS;MISSION;MISSION;TEXAS;78572;US;Fabiola Lopez;fabiola.lopez@commscope.com;,OUTDOOR WIRELESS NETWORKS AUSTRALIA PTY;LTD. CEVA LOGISTICS DOOR 6;BLDG 1/ 60 WALLGROVE RD;MINCHINBURY;MINCHINBURY;N S W;2770;AU;OUTDOOR WIRELESS NETWORKS AUSTRALIA;neilNewton@andrew.com;
MELIR00831127,11/07/2025,OUTDOOR NETWORKS AUSTRALIA PTY LTD,518344261,8,,EXPRESS WORLDWIDE nondoc,1,100.87,,,,0,B,2350063973,6.5,22106145,2/07/2025,EINDHOVEN,SYD. SYDNEY,COMMSCOPE;ARSENAAL 2;VEENENDAAL;VEENENDAAL;3905 NN;NL;Lucas Szymanski;Lucas.Szymanski@commscope.com;,OUTDOOR WIRELESS NETWORKS AUSTRALIA;60 Wallgrove Road;BLDG 1/ CEVA LOGISTICS Door 6;MINCHINBURY;MINCHINBURY;NEW SOUTH WALES;2770;AU;OUTDOOR WIRELESS NETWORKS AUSTRALIA;
MELIR00831127,11/07/2025,OUTDOOR NETWORKS AUSTRALIA PTY LTD,518344261,9,,FUEL SURCHARGE,1,27.23,,,,0,B,2350063973,0,22106145,2/07/2025,EINDHOVEN,SYD. SYDNEY,COMMSCOPE;ARSENAAL 2;VEENENDAAL;VEENENDAAL;3905 NN;NL;Lucas Szymanski;Lucas.Szymanski@commscope.com;,OUTDOOR WIRELESS NETWORKS AUSTRALIA;60 Wallgrove Road;BLDG 1/ CEVA LOGISTICS Door 6;MINCHINBURY;MINCHINBURY;NEW SOUTH WALES;2770;AU;OUTDOOR WIRELESS NETWORKS AUSTRALIA;
MELIR00831127,11/07/2025,OUTDOOR NETWORKS AUSTRALIA PTY LTD,518344261,10,,EXPRESS WORLDWIDE nondoc,1,140.69,,,,0,B,4805131133,12,22109623,4/07/2025,EINDHOVEN,SYD. SYDNEY,COMMSCOPE;Arsenaal 2;VEENENDAAL;VEENENDAAL;3905 NN;NL;Lucas Szymanski;Lucas.Szymanski@commscope.com;,OUTDOOR WIRELESS NETWORKS AUSTRALIA PTY;60 Wallgrove Road;CEVA LOGISTICS DOOR 6;MINCHINBURY;MINCHINBURY;New South Wales;2770;AU;LTD. CEVA LOGISTICS Door 6;
MELIR00831127,11/07/2025,OUTDOOR NETWORKS AUSTRALIA PTY LTD,518344261,11,,FUEL SURCHARGE,1,37.99,,,,0,B,4805131133,0,22109623,4/07/2025,EINDHOVEN,SYD. SYDNEY,COMMSCOPE;Arsenaal 2;VEENENDAAL;VEENENDAAL;3905 NN;NL;Lucas Szymanski;Lucas.Szymanski@commscope.com;,OUTDOOR WIRELESS NETWORKS AUSTRALIA PTY;60 Wallgrove Road;CEVA LOGISTICS DOOR 6;MINCHINBURY;MINCHINBURY;New South Wales;2770;AU;LTD. CEVA LOGISTICS Door 6;
MELIR00831127,11/07/2025,OUTDOOR NETWORKS AUSTRALIA PTY LTD,518344261,12,,EXPRESS WORLDWIDE nondoc,1,46.91,,,,0,B,3091972236,2.5,8161896/00,7/07/2025,HARLINGEN,SYD. SYDNEY,OUTDOOR WIRELESS NETWORKS LLC;4101 E. MILITARY HWY. SUITE A;SUITE A TX TEXAS;MISSION;MISSION;TEXAS;78572;US;Fabiola Lopez;fabiola.lopez@commscope.com;,OUTDOOR WIRELESS NETWORKS AUSTRALIA PTY;LTD. CEVA LOGISTICS DOOR 6;BLDG 1/ 60 WALLGROVE RD;MINCHINBURY;MINCHINBURY;N S W;2770;AU;OUTDOOR WIRELESS NETWORKS AUSTRALIA;neilNewton@andrew.com;
MELIR00831127,11/07/2025,OUTDOOR NETWORKS AUSTRALIA PTY LTD,518344261,13,,FUEL SURCHARGE,1,12.67,,,,0,B,3091972236,0,8161896/00,7/07/2025,HARLINGEN,SYD. SYDNEY,OUTDOOR WIRELESS NETWORKS LLC;4101 E. MILITARY HWY. SUITE A;SUITE A TX TEXAS;MISSION;MISSION;TEXAS;78572;US;Fabiola Lopez;fabiola.lopez@commscope.com;,OUTDOOR WIRELESS NETWORKS AUSTRALIA PTY;LTD. CEVA LOGISTICS DOOR 6;BLDG 1/ 60 WALLGROVE RD;MINCHINBURY;MINCHINBURY;N S W;2770;AU;OUTDOOR WIRELESS NETWORKS AUSTRALIA;neilNewton@andrew.com;
MELR001516999,11/07/2025,OUTDOOR NETWORKS AUSTRALIA PTY LTD,518344261,1,,EXPRESS DOMESTIC,1,22.19,,,,2.22,A,2625937101,1.5,A6754 - Elizabeth City IBC,8/07/2025,MELBOURNE,ADL. ADELAIDE,ANDREW;17 Sanctuary Drive;VICTORIA AE;BUNDOORA;BUNDOORA;VICTORIA;3083;AU;Bernard Lotter;bernard.lotter@andrew.com;,APEX COMMUNICATION TECHNOLOGIES PTY LTD;10 Allan Street;SOUTH AUSTRALIA AD;MELROSE PARK;MELROSE PARK;SOUTH AUSTRALIA;5039;AU;Scott Veitch;scott.veitch@apexcomms.com.au;
MELR001516999,11/07/2025,OUTDOOR NETWORKS AUSTRALIA PTY LTD,518344261,2,,DIRECT SIGNATURE,1,7.9,,,,0.79,A,2625937101,0,A6754 - Elizabeth City IBC,8/07/2025,MELBOURNE,ADL. ADELAIDE,ANDREW;17 Sanctuary Drive;VICTORIA AE;BUNDOORA;BUNDOORA;VICTORIA;3083;AU;Bernard Lotter;bernard.lotter@andrew.com;,APEX COMMUNICATION TECHNOLOGIES PTY LTD;10 Allan Street;SOUTH AUSTRALIA AD;MELROSE PARK;MELROSE PARK;SOUTH AUSTRALIA;5039;AU;Scott Veitch;scott.veitch@apexcomms.com.au;
MELR001516999,11/07/2025,OUTDOOR NETWORKS AUSTRALIA PTY LTD,518344261,3,,FUEL SURCHARGE,1,5.99,,,,0.6,A,2625937101,0,A6754 - Elizabeth City IBC,8/07/2025,MELBOURNE,ADL. ADELAIDE,ANDREW;17 Sanctuary Drive;VICTORIA AE;BUNDOORA;BUNDOORA;VICTORIA;3083;AU;Bernard Lotter;bernard.lotter@andrew.com;,APEX COMMUNICATION TECHNOLOGIES PTY LTD;10 Allan Street;SOUTH AUSTRALIA AD;MELROSE PARK;MELROSE PARK;SOUTH AUSTRALIA;5039;AU;Scott Veitch;scott.veitch@apexcomms.com.au;
MELR001519458,18/07/2025,OUTDOOR NETWORKS AUSTRALIA PTY LTD,518344261,1,,EXPRESS WORLDWIDE nondoc,2,196.26,,,,0,B,6306696270,15,,27/06/2025,SYDNEY,MIL. MILAN,OWNA;Door 6 Building 1 / 60 Wallgrove Road;MINCHINBURY 2770 NEW SOUTH WALES;MINCHINBURY;MINCHINBURY;NEW SOUTH WALES;2770;AU;JOE XIE;Joe.Xie@andrew.com;,OUTDOOR WIRELESS NETWORKS ITALY;Via Archimede 22/24;Lombardia;AGRATE BRIANZA;AGRATE BRIANZA;Lombardia;20864;IT;Davide Rusconi;davide.rusconi@andrew.com;
MELR001519458,18/07/2025,OUTDOOR NETWORKS AUSTRALIA PTY LTD,518344261,2,,FUEL SURCHARGE,2,52.5,,,,0,B,6306696270,0,,27/06/2025,SYDNEY,MIL. MILAN,OWNA;Door 6 Building 1 / 60 Wallgrove Road;MINCHINBURY 2770 NEW SOUTH WALES;MINCHINBURY;MINCHINBURY;NEW SOUTH WALES;2770;AU;JOE XIE;Joe.Xie@andrew.com;,OUTDOOR WIRELESS NETWORKS ITALY;Via Archimede 22/24;Lombardia;AGRATE BRIANZA;AGRATE BRIANZA;Lombardia;20864;IT;Davide Rusconi;davide.rusconi@andrew.com;
MELR001519458,18/07/2025,OUTDOOR NETWORKS AUSTRALIA PTY LTD,518344261,3,,EXPRESS WORLDWIDE doc,1,33.24,,,,0,B,8121296676,0.5,,10/07/2025,MELBOURNE,HAN. HA NOI,OUTDOOR WIRELESS NETWORKS AUSTRALIA;205 Bell Street;Together Co-Living;PRESTON;PRESTON;VICTORIA;3072;AU;Frank Bianco;frank.bianco@andrew.com;,VVT TECHNOLOGY JOINT STOCK COMPANY;4th FLR Detech Tower No. 8 Ton That Thuyet;NAM TU LIEM-MY DINH 2 WARD;HA NOI;HA NOI;VN;Tran Khanh Huyen (Ms Cindy);huyen.tran@vvt.vn;
MELR001519458,18/07/2025,OUTDOOR NETWORKS AUSTRALIA PTY LTD,518344261,4,,FUEL SURCHARGE,1,8.97,,,,0,B,8121296676,0,,10/07/2025,MELBOURNE,HAN. HA NOI,OUTDOOR WIRELESS NETWORKS AUSTRALIA;205 Bell Street;Together Co-Living;PRESTON;PRESTON;VICTORIA;3072;AU;Frank Bianco;frank.bianco@andrew.com;,VVT TECHNOLOGY JOINT STOCK COMPANY;4th FLR Detech Tower No. 8 Ton That Thuyet;NAM TU LIEM-MY DINH 2 WARD;HA NOI;HA NOI;VN;Tran Khanh Huyen (Ms Cindy);huyen.tran@vvt.vn;
MELIR00807713,16/05/2025,OUTDOOR NETWORKS AUSTRALIA PTY LTD,518344261,1,,EXPRESS WORLDWIDE nondoc,2,237.11,,,,0,B,5994274031,18.5,STO#990425846. 990431895,9/05/2025,TOKYO,SYD. SYDNEY,ANDREW JAPAN K.K.(SUMITOMO WAREHOUSE);4-6-16 Aomi Kouto-KuTokyo;TOKYO;TOKYO-TO KOTO KU;TOKYO-TO KOTO KU;TOKYO;135-0064;JP;ChaoqunQin;chaoqun.qin@andrew.com;,OUTDOOR WIRELESS NETWORKS AUSTRALIA PTY;BUILDING 1 60 WALLGROVE ROAD;LTD. CEVA LOGISTICS DOOR 6;LTD. CEVA LOGISTICS DOOR 6;MINCHINBURY;N S W;2770;AU;Neil Newton;neil.newton@andrew.com;
MELIR00807713,16/05/2025,OUTDOOR NETWORKS AUSTRALIA PTY LTD,518344261,2,,GOGREEN PLUS - CARBON REDUCED,2,12.21,,,,0,B,5994274031,0,STO#990425846. 990431895,9/05/2025,TOKYO,SYD. SYDNEY,ANDREW JAPAN K.K.(SUMITOMO WAREHOUSE);4-6-16 Aomi Kouto-KuTokyo;TOKYO;TOKYO-TO KOTO KU;TOKYO-TO KOTO KU;TOKYO;135-0064;JP;ChaoqunQin;chaoqun.qin@andrew.com;,OUTDOOR WIRELESS NETWORKS AUSTRALIA PTY;BUILDING 1 60 WALLGROVE ROAD;LTD. CEVA LOGISTICS DOOR 6;LTD. CEVA LOGISTICS DOOR 6;MINCHINBURY;N S W;2770;AU;Neil Newton;neil.newton@andrew.com;
MELIR00807713,16/05/2025,OUTDOOR NETWORKS AUSTRALIA PTY LTD,518344261,3,,FUEL SURCHARGE,2,65.21,,,,0,B,5994274031,0,STO#990425846. 990431895,9/05/2025,TOKYO,SYD. SYDNEY,ANDREW JAPAN K.K.(SUMITOMO WAREHOUSE);4-6-16 Aomi Kouto-KuTokyo;TOKYO;TOKYO-TO KOTO KU;TOKYO-TO KOTO KU;TOKYO;135-0064;JP;ChaoqunQin;chaoqun.qin@andrew.com;,OUTDOOR WIRELESS NETWORKS AUSTRALIA PTY;BUILDING 1 60 WALLGROVE ROAD;LTD. CEVA LOGISTICS DOOR 6;LTD. CEVA LOGISTICS DOOR 6;MINCHINBURY;N S W;2770;AU;Neil Newton;neil.newton@andrew.com;
MELIR00807713,16/05/2025,OUTDOOR NETWORKS AUSTRALIA PTY LTD,518344261,4,,EXPRESS WORLDWIDE nondoc,2,254.69,,,,0,B,6072344331,20.5,STO#990432676,13/05/2025,TOKYO,SYD. SYDNEY,ANDREW JAPAN K.K.(SUMITOMO WAREHOUSE);4-6-16 Aomi Kouto-KuTokyo;TOKYO;TOKYO-TO KOTO KU;TOKYO-TO KOTO KU;TOKYO;135-0064;JP;ChaoqunQin;chaoqun.qin@andrew.com;,OUTDOOR WIRELESS NETWORKS AUSTRALIA PTY;BUILDING 1 60 WALLGROVE ROAD;LTD. CEVA LOGISTICS DOOR 6;LTD. CEVA LOGISTICS DOOR 6;MINCHINBURY;N S W;2770;AU;Neil Newton;neil.newton@andrew.com;
MELIR00807713,16/05/2025,OUTDOOR NETWORKS AUSTRALIA PTY LTD,518344261,5,,GOGREEN PLUS - CARBON REDUCED,2,13.53,,,,0,B,6072344331,0,STO#990432676,13/05/2025,TOKYO,SYD. SYDNEY,ANDREW JAPAN K.K.(SUMITOMO WAREHOUSE);4-6-16 Aomi Kouto-KuTokyo;TOKYO;TOKYO-TO KOTO KU;TOKYO-TO KOTO KU;TOKYO;135-0064;JP;ChaoqunQin;chaoqun.qin@andrew.com;,OUTDOOR WIRELESS NETWORKS AUSTRALIA PTY;BUILDING 1 60 WALLGROVE ROAD;LTD. CEVA LOGISTICS DOOR 6;LTD. CEVA LOGISTICS DOOR 6;MINCHINBURY;N S W;2770;AU;Neil Newton;neil.newton@andrew.com;
MELIR00807713,16/05/2025,OUTDOOR NETWORKS AUSTRALIA PTY LTD,518344261,6,,FUEL SURCHARGE,2,70.04,,,,0,B,6072344331,0,STO#990432676,13/05/2025,TOKYO,SYD. SYDNEY,ANDREW JAPAN K.K.(SUMITOMO WAREHOUSE);4-6-16 Aomi Kouto-KuTokyo;TOKYO;TOKYO-TO KOTO KU;TOKYO-TO KOTO KU;TOKYO;135-0064;JP;ChaoqunQin;chaoqun.qin@andrew.com;,OUTDOOR WIRELESS NETWORKS AUSTRALIA PTY;BUILDING 1 60 WALLGROVE ROAD;LTD. CEVA LOGISTICS DOOR 6;LTD. CEVA LOGISTICS DOOR 6;MINCHINBURY;N S W;2770;AU;Neil Newton;neil.newton@andrew.com;
MELIR00810425,23/05/2025,OUTDOOR NETWORKS AUSTRALIA PTY LTD,518344261,1,,EXPRESS WORLDWIDE nondoc,1,213.13,,,,0,B,4909074693,22,22047909,9/05/2025,NUERNBERG,SYD. SYDNEY,ANDREW WIRELESS SYSTEMS GMBH;Industriering 10;Bavaria BY;BUCHDORF;BUCHDORF;Bavaria;86675;DE;Thomas Totzauer;de05-admin@andrew.com;,OUTDOOR WIRELESS NETWORKS AUSTRALIA;PTY LTD;CEVA LOGISTICS DOOR 6;BUILDING 1 60 WALLGROVE ROAD;MINCHINBURY;NSW;2770;AU;Bernard Lotter;Bernard.Lotter@andrew.com;
MELIR00810425,23/05/2025,OUTDOOR NETWORKS AUSTRALIA PTY LTD,518344261,2,,FUEL SURCHARGE,1,68.24,,,,0,B,4909074693,0,22047909,9/05/2025,NUERNBERG,SYD. SYDNEY,ANDREW WIRELESS SYSTEMS GMBH;Industriering 10;Bavaria BY;BUCHDORF;BUCHDORF;Bavaria;86675;DE;Thomas Totzauer;de05-admin@andrew.com;,OUTDOOR WIRELESS NETWORKS AUSTRALIA;PTY LTD;CEVA LOGISTICS DOOR 6;BUILDING 1 60 WALLGROVE ROAD;MINCHINBURY;NSW;2770;AU;Bernard Lotter;Bernard.Lotter@andrew.com;
MELIR00810425,23/05/2025,OUTDOOR NETWORKS AUSTRALIA PTY LTD,518344261,3,,CHANGE OF BILLING,1,20,,,,0,B,4909074693,0,22047909,9/05/2025,NUERNBERG,SYD. SYDNEY,ANDREW WIRELESS SYSTEMS GMBH;Industriering 10;Bavaria BY;BUCHDORF;BUCHDORF;Bavaria;86675;DE;Thomas Totzauer;de05-admin@andrew.com;,OUTDOOR WIRELESS NETWORKS AUSTRALIA;PTY LTD;CEVA LOGISTICS DOOR 6;BUILDING 1 60 WALLGROVE ROAD;MINCHINBURY;NSW;2770;AU;Bernard Lotter;Bernard.Lotter@andrew.com;
MELIR00810425,23/05/2025,OUTDOOR NETWORKS AUSTRALIA PTY LTD,518344261,4,,REMOTE AREA PICKUP,1,35,,,,0,B,4909074693,0,22047909,9/05/2025,NUERNBERG,SYD. SYDNEY,ANDREW WIRELESS SYSTEMS GMBH;Industriering 10;Bavaria BY;BUCHDORF;BUCHDORF;Bavaria;86675;DE;Thomas Totzauer;de05-admin@andrew.com;,OUTDOOR WIRELESS NETWORKS AUSTRALIA;PTY LTD;CEVA LOGISTICS DOOR 6;BUILDING 1 60 WALLGROVE ROAD;MINCHINBURY;NSW;2770;AU;Bernard Lotter;Bernard.Lotter@andrew.com;
MELIR00810425,23/05/2025,OUTDOOR NETWORKS AUSTRALIA PTY LTD,518344261,5,,EXPRESS WORLDWIDE nondoc,1,137.07,,,,0,B,1114663012,11.5,22049658,12/05/2025,NUERNBERG,SYD. SYDNEY,ANDREW WIRELESS SYSTEMS GMBH;Industriering 10;Bavaria BY;BUCHDORF;BUCHDORF;Bavaria;86675;DE;Thomas Totzauer;de05-admin@andrew.com;,OUTDOOR WIRELESS NETWORKS AUSTRALIA;PTY LTD;CEVA LOGISTICS DOOR 6;BUILDING 1 60 WALLGROVE ROAD;MINCHINBURY;NSW;2770;AU;Bernard Lotter;Bernard.Lotter@andrew.com;
MELIR00810425,23/05/2025,OUTDOOR NETWORKS AUSTRALIA PTY LTD,518344261,6,,FUEL SURCHARGE,1,47.32,,,,0,B,1114663012,0,22049658,12/05/2025,NUERNBERG,SYD. SYDNEY,ANDREW WIRELESS SYSTEMS GMBH;Industriering 10;Bavaria BY;BUCHDORF;BUCHDORF;Bavaria;86675;DE;Thomas Totzauer;de05-admin@andrew.com;,OUTDOOR WIRELESS NETWORKS AUSTRALIA;PTY LTD;CEVA LOGISTICS DOOR 6;BUILDING 1 60 WALLGROVE ROAD;MINCHINBURY;NSW;2770;AU;Bernard Lotter;Bernard.Lotter@andrew.com;
MELIR00810425,23/05/2025,OUTDOOR NETWORKS AUSTRALIA PTY LTD,518344261,7,,REMOTE AREA PICKUP,1,35,,,,0,B,1114663012,0,22049658,12/05/2025,NUERNBERG,SYD. SYDNEY,ANDREW WIRELESS SYSTEMS GMBH;Industriering 10;Bavaria BY;BUCHDORF;BUCHDORF;Bavaria;86675;DE;Thomas Totzauer;de05-admin@andrew.com;,OUTDOOR WIRELESS NETWORKS AUSTRALIA;PTY LTD;CEVA LOGISTICS DOOR 6;BUILDING 1 60 WALLGROVE ROAD;MINCHINBURY;NSW;2770;AU;Bernard Lotter;Bernard.Lotter@andrew.com;
MELIR00817006,6/06/2025,OUTDOOR NETWORKS AUSTRALIA PTY LTD,518344261,1,,EXPRESS WORLDWIDE nondoc,1,237.31,,,,0,B,8469010185,26.5,8134127/00,29/05/2025,HARLINGEN,SYD. SYDNEY,OUTDOOR WIRELESS NETWORKS LLC;4101 E MILITARY HWY STE A;Texas TX;MISSION;MISSION;Texas;78572;US;Louis Pabalinas;louis.pabalinas@commscope.com;,OUTDOOR WIRELESS NETWORKS AUSTRALIA PTY;LTD. CEVA LOGISTICS DOOR 6;LDG 1/ 60 WALLGROVE RD;LDG 1/ 60 WALLGROVE RD;MINCHINBURY;N S W;2770;AU;OUTDOOR WIRELESS NETWORKS AUSTRALIA;neilNewton@andrew.com;
MELIR00817006,6/06/2025,OUTDOOR NETWORKS AUSTRALIA PTY LTD,518344261,2,,FUEL SURCHARGE,1,65.26,,,,0,B,8469010185,0,8134127/00,29/05/2025,HARLINGEN,SYD. SYDNEY,OUTDOOR WIRELESS NETWORKS LLC;4101 E MILITARY HWY STE A;Texas TX;MISSION;MISSION;Texas;78572;US;Louis Pabalinas;louis.pabalinas@commscope.com;,OUTDOOR WIRELESS NETWORKS AUSTRALIA PTY;LTD. CEVA LOGISTICS DOOR 6;LDG 1/ 60 WALLGROVE RD;LDG 1/ 60 WALLGROVE RD;MINCHINBURY;N S W;2770;AU;OUTDOOR WIRELESS NETWORKS AUSTRALIA;neilNewton@andrew.com;
MELIR00817006,6/06/2025,OUTDOOR NETWORKS AUSTRALIA PTY LTD,518344261,3,,EXPRESS WORLDWIDE nondoc,3,601.83,,,,0,B,5046096845,27.5,PO2504-044,30/05/2025,SUZHOU & SURROUNDING,BKK. BANGKOK,COMMSCOPE TELECOMMUNICATIONS;68# SU HONG XI ROAD;SUZHOU INDUSTRIAL PARK;SUZHOU JIANGSU 215021;SUZHOU;215021;CN;FAN JUNYAO;,PPLUS VISIONS CO. LTD.;44 RUNGROJTHANAKUL BLDG;2ND FLOOR RATCHADAPISKE ROAD;10310 BANGKOK;BANGKOK;10310;TH;MS SAJEEWAN PILASOPHA;
MELIR00817006,6/06/2025,OUTDOOR NETWORKS AUSTRALIA PTY LTD,518344261,4,,FUEL SURCHARGE,3,165.5,,,,0,B,5046096845,0,PO2504-044,30/05/2025,SUZHOU & SURROUNDING,BKK. BANGKOK,COMMSCOPE TELECOMMUNICATIONS;68# SU HONG XI ROAD;SUZHOU INDUSTRIAL PARK;SUZHOU JIANGSU 215021;SUZHOU;215021;CN;FAN JUNYAO;,PPLUS VISIONS CO. LTD.;44 RUNGROJTHANAKUL BLDG;2ND FLOOR RATCHADAPISKE ROAD;10310 BANGKOK;BANGKOK;10310;TH;MS SAJEEWAN PILASOPHA;
MELIR00819599,13/06/2025,OUTDOOR NETWORKS AUSTRALIA PTY LTD,518344261,1,,EXPRESS WORLDWIDE nondoc,1,29.49,,,,0,B,1515214245,1,RTS-20250603001,3/06/2025,SUZHOU & SURROUNDING,SYD. SYDNEY,COMMSCOPE TELECOMMUNICATIONS;68# SU HONG XI ROAD;SUZHOU INDUSTRIAL PARK;SUZHOU;SUZHOU;215021;CN;XUPING;,OUTDOOR WIRELESS NETWORKS AUSTRALIA PTY LTD.;CEVA LOGISTICS DOOR 8 BLDG 1/ 60 WALLGROVE RD;MINCHINBURY NSW 2770;SYDNEY AUSTRALIA.;MINCHINBURY;2770;AU;GEORGE YAP;
MELIR00819599,13/06/2025,OUTDOOR NETWORKS AUSTRALIA PTY LTD,518344261,2,,FUEL SURCHARGE,1,7.89,,,,0,B,1515214245,0,RTS-20250603001,3/06/2025,SUZHOU & SURROUNDING,SYD. SYDNEY,COMMSCOPE TELECOMMUNICATIONS;68# SU HONG XI ROAD;SUZHOU INDUSTRIAL PARK;SUZHOU;SUZHOU;215021;CN;XUPING;,OUTDOOR WIRELESS NETWORKS AUSTRALIA PTY LTD.;CEVA LOGISTICS DOOR 8 BLDG 1/ 60 WALLGROVE RD;MINCHINBURY NSW 2770;SYDNEY AUSTRALIA.;MINCHINBURY;2770;AU;GEORGE YAP;
MELIR00819599,13/06/2025,OUTDOOR NETWORKS AUSTRALIA PTY LTD,518344261,3,,EXPRESS WORLDWIDE nondoc,2,461.09,,,,0,B,4992420742,15,PO#8004791474,4/06/2025,TOKYO,AKL. AUCKLAND,ANDREW JAPAN K.K.(SUMITOMO WAREHOUSE);4-6-16 Aomi Kouto-KuTokyo;TOKYO AP;TOKYO-TO KOTO KU;TOKYO-TO KOTO KU;TOKYO;135-0064;JP;ChaoqunQin;chaoqun.qin@andrew.com;,ENTELAR GROUP;8 WESTFIELD PLACE 1060 MOUNT WELLINGTON;AUCKLAND;AUCKLAND;1060;NZ;ROBERT HOLIDAY;robert.halliday@spark.co.nz;
MELIR00819599,13/06/2025,OUTDOOR NETWORKS AUSTRALIA PTY LTD,518344261,4,,NEUTRAL DELIVERY,2,8,,,,0,B,4992420742,0,PO#8004791474,4/06/2025,TOKYO,AKL. AUCKLAND,ANDREW JAPAN K.K.(SUMITOMO WAREHOUSE);4-6-16 Aomi Kouto-KuTokyo;TOKYO AP;TOKYO-TO KOTO KU;TOKYO-TO KOTO KU;TOKYO;135-0064;JP;ChaoqunQin;chaoqun.qin@andrew.com;,ENTELAR GROUP;8 WESTFIELD PLACE 1060 MOUNT WELLINGTON;AUCKLAND;AUCKLAND;1060;NZ;ROBERT HOLIDAY;robert.halliday@spark.co.nz;
MELIR00819599,13/06/2025,OUTDOOR NETWORKS AUSTRALIA PTY LTD,518344261,5,,FUEL SURCHARGE,2,123.34,,,,0,B,4992420742,0,PO#8004791474,4/06/2025,TOKYO,AKL. AUCKLAND,ANDREW JAPAN K.K.(SUMITOMO WAREHOUSE);4-6-16 Aomi Kouto-KuTokyo;TOKYO AP;TOKYO-TO KOTO KU;TOKYO-TO KOTO KU;TOKYO;135-0064;JP;ChaoqunQin;chaoqun.qin@andrew.com;,ENTELAR GROUP;8 WESTFIELD PLACE 1060 MOUNT WELLINGTON;AUCKLAND;AUCKLAND;1060;NZ;ROBERT HOLIDAY;robert.halliday@spark.co.nz;
MELIR00819599,13/06/2025,OUTDOOR NETWORKS AUSTRALIA PTY LTD,518344261,6,,EXPRESS WORLDWIDE nondoc,1,239.12,,,,0,B,1515591976,26,6102635940,5/06/2025,SUZHOU & SURROUNDING,SYD. SYDNEY,COMMSCOPE TELECOMMUNICATIONS;68# SU HONG XI ROAD;SUZHOU INDUSTRIAL PARK;SUZHOU JIANGSU 215021;SUZHOU;215021;CN;XUPING;,OUTDOOR WIRELESS NETWORKS AUSTRALIA PTY LTD.;CEVA LOGISTICS DOOR 8 BLDG 1/ 60 WALLGROVE RD;MINCHINBURY NSW 2770;SYDNEY AUSTRALIA.;MINCHINBURY;2770;AU;GEORGE YAP;
MELIR00819599,13/06/2025,OUTDOOR NETWORKS AUSTRALIA PTY LTD,518344261,7,,FUEL SURCHARGE,1,72.52,,,,0,B,1515591976,0,6102635940,5/06/2025,SUZHOU & SURROUNDING,SYD. SYDNEY,COMMSCOPE TELECOMMUNICATIONS;68# SU HONG XI ROAD;SUZHOU INDUSTRIAL PARK;SUZHOU JIANGSU 215021;SUZHOU;215021;CN;XUPING;,OUTDOOR WIRELESS NETWORKS AUSTRALIA PTY LTD.;CEVA LOGISTICS DOOR 8 BLDG 1/ 60 WALLGROVE RD;MINCHINBURY NSW 2770;SYDNEY AUSTRALIA.;MINCHINBURY;2770;AU;GEORGE YAP;
MELIR00819599,13/06/2025,OUTDOOR NETWORKS AUSTRALIA PTY LTD,518344261,8,,NON CONVEYABLE PIECE,1,32,,,,0,B,1515591976,0,6102635940,5/06/2025,SUZHOU & SURROUNDING,SYD. SYDNEY,COMMSCOPE TELECOMMUNICATIONS;68# SU HONG XI ROAD;SUZHOU INDUSTRIAL PARK;SUZHOU JIANGSU 215021;SUZHOU;215021;CN;XUPING;,OUTDOOR WIRELESS NETWORKS AUSTRALIA PTY LTD.;CEVA LOGISTICS DOOR 8 BLDG 1/ 60 WALLGROVE RD;MINCHINBURY NSW 2770;SYDNEY AUSTRALIA.;MINCHINBURY;2770;AU;GEORGE YAP;
MELIR00826915,30/06/2025,OUTDOOR NETWORKS AUSTRALIA PTY LTD,518344261,1,,EXPRESS WORLDWIDE nondoc,1,181.79,,,,0,B,2724155092,12.5,STO#990449613,26/06/2025,TOKYO,SYD. SYDNEY,ANDREW JAPAN K.K.(SUMITOMO WAREHOUSE);4-6-16 Aomi Kouto-KuTokyo;TOKYO;TOKYO-TO KOTO KU;TOKYO-TO KOTO KU;TOKYO;135-0064;JP;ChaoqunQin;chaoqun.qin@andrew.com;,OUTDOOR WIRELESS NETWORKS AUSTRALIA PTY;BUILDING 1 60 WALLGROVE ROAD;LTD. CEVA LOGISTICS;LTD. CEVA LOGISTICS;MINCHINBURY;N S W;2770;AU;Brett Mulberry;neil.newton@andrew.com;
MELIR00826915,30/06/2025,OUTDOOR NETWORKS AUSTRALIA PTY LTD,518344261,2,,GOGREEN PLUS - CARBON REDUCED,1,8.25,,,,0,B,2724155092,0,STO#990449613,26/06/2025,TOKYO,SYD. SYDNEY,ANDREW JAPAN K.K.(SUMITOMO WAREHOUSE);4-6-16 Aomi Kouto-KuTokyo;TOKYO;TOKYO-TO KOTO KU;TOKYO-TO KOTO KU;TOKYO;135-0064;JP;ChaoqunQin;chaoqun.qin@andrew.com;,OUTDOOR WIRELESS NETWORKS AUSTRALIA PTY;BUILDING 1 60 WALLGROVE ROAD;LTD. CEVA LOGISTICS;LTD. CEVA LOGISTICS;MINCHINBURY;N S W;2770;AU;Brett Mulberry;neil.newton@andrew.com;
MELIR00826915,30/06/2025,OUTDOOR NETWORKS AUSTRALIA PTY LTD,518344261,3,,FUEL SURCHARGE,1,48.63,,,,0,B,2724155092,0,STO#990449613,26/06/2025,TOKYO,SYD. SYDNEY,ANDREW JAPAN K.K.(SUMITOMO WAREHOUSE);4-6-16 Aomi Kouto-KuTokyo;TOKYO;TOKYO-TO KOTO KU;TOKYO-TO KOTO KU;TOKYO;135-0064;JP;ChaoqunQin;chaoqun.qin@andrew.com;,OUTDOOR WIRELESS NETWORKS AUSTRALIA PTY;BUILDING 1 60 WALLGROVE ROAD;LTD. CEVA LOGISTICS;LTD. CEVA LOGISTICS;MINCHINBURY;N S W;2770;AU;Brett Mulberry;neil.newton@andrew.com;
MELIR00833828,18/07/2025,OUTDOOR NETWORKS AUSTRALIA PTY LTD,518344261,1,,EXPRESS WORLDWIDE nondoc,1,237.11,,,,0,B,2416788194,18.5,STO#990456743,9/07/2025,TOKYO,SYD. SYDNEY,ANDREW JAPAN K.K.(SUMITOMO WAREHOUSE);4-6-16 Aomi Kouto-KuTokyo;TOKYO AP;TOKYO-TO KOTO KU;TOKYO-TO KOTO KU;TOKYO;135-0064;JP;ChaoqunQin;chaoqun.qin@andrew.com;,OUTDOOR WIRELESS NETWORKS AUSTRALIA PTY;BUILDING 1 60 WALLGROVE ROAD;LTD. CEVA LOGISTICS DOOR 6;MINCHINBURY;MINCHINBURY;N S W;2770;AU;Neil Newton;neil.newton@andrew.com;
MELIR00833828,18/07/2025,OUTDOOR NETWORKS AUSTRALIA PTY LTD,518344261,2,,FUEL SURCHARGE,1,64.02,,,,0,B,2416788194,0,STO#990456743,9/07/2025,TOKYO,SYD. SYDNEY,ANDREW JAPAN K.K.(SUMITOMO WAREHOUSE);4-6-16 Aomi Kouto-KuTokyo;TOKYO AP;TOKYO-TO KOTO KU;TOKYO-TO KOTO KU;TOKYO;135-0064;JP;ChaoqunQin;chaoqun.qin@andrew.com;,OUTDOOR WIRELESS NETWORKS AUSTRALIA PTY;BUILDING 1 60 WALLGROVE ROAD;LTD. CEVA LOGISTICS DOOR 6;MINCHINBURY;MINCHINBURY;N S W;2770;AU;Neil Newton;neil.newton@andrew.com;
MELIR00833828,18/07/2025,OUTDOOR NETWORKS AUSTRALIA PTY LTD,518344261,3,,GOGREEN PLUS - CARBON REDUCED,1,12.21,,,,0,B,2416788194,0,STO#990456743,9/07/2025,TOKYO,SYD. SYDNEY,ANDREW JAPAN K.K.(SUMITOMO WAREHOUSE);4-6-16 Aomi Kouto-KuTokyo;TOKYO AP;TOKYO-TO KOTO KU;TOKYO-TO KOTO KU;TOKYO;135-0064;JP;ChaoqunQin;chaoqun.qin@andrew.com;,OUTDOOR WIRELESS NETWORKS AUSTRALIA PTY;BUILDING 1 60 WALLGROVE ROAD;LTD. CEVA LOGISTICS DOOR 6;MINCHINBURY;MINCHINBURY;N S W;2770;AU;Neil Newton;neil.newton@andrew.com;
